"row_id","bot","question","rating","question_type"
1,"Bot1","q1",3,"Engagement"
1,"Bot1","q2",3,"Engagement"
1,"Bot1","q3",3,"Engagement"
1,"Bot1","q4",3,"Engagement"
1,"Bot1","q5",3,"Engagement"
1,"Bot1","q6",3,"Engagement"
2,"Bot1","q7",3,"Emotional"
2,"Bot1","q8",3,"Emotional"
2,"Bot1","q9",3,"Emotional"
2,"Bot1","q10",3,"Emotional"
2,"Bot1","q11",3,"Emotional"
2,"Bot1","q12",3,"Emotional"
4,"Bot2","q1",3,"Engagement"
4,"Bot2","q2",3,"Engagement"
4,"Bot2","q3",3,"Engagement"
4,"Bot2","q4",3,"Engagement"
4,"Bot2","q5",3,"Engagement"
4,"Bot2","q6",3,"Engagement"
5,"Bot2","q7",3,"Emotional"
5,"Bot2","q8",3,"Emotional"
5,"Bot2","q9",3,"Emotional"
5,"Bot2","q10",3,"Emotional"
5,"Bot2","q11",3,"Emotional"
5,"Bot2","q12",3,"Emotional"
7,"Bot3","q1",3,"Engagement"
7,"Bot3","q2",3,"Engagement"
7,"Bot3","q3",3,"Engagement"
7,"Bot3","q4",3,"Engagement"
7,"Bot3","q5",3,"Engagement"
7,"Bot3","q6",3,"Engagement"
8,"Bot3","q7",3,"Emotional"
8,"Bot3","q8",3,"Emotional"
8,"Bot3","q9",3,"Emotional"
8,"Bot3","q10",3,"Emotional"
8,"Bot3","q11",3,"Emotional"
8,"Bot3","q12",3,"Emotional"
10,"Bot1","q1",5,"Engagement"
10,"Bot1","q2",5,"Engagement"
10,"Bot1","q3",5,"Engagement"
10,"Bot1","q4",4,"Engagement"
10,"Bot1","q5",4,"Engagement"
10,"Bot1","q6",4,"Engagement"
11,"Bot1","q7",4,"Emotional"
11,"Bot1","q8",4,"Emotional"
11,"Bot1","q9",4,"Emotional"
11,"Bot1","q10",3,"Emotional"
11,"Bot1","q11",4,"Emotional"
11,"Bot1","q12",4,"Emotional"
13,"Bot2","q1",4,"Engagement"
13,"Bot2","q2",3,"Engagement"
13,"Bot2","q3",4,"Engagement"
13,"Bot2","q4",2,"Engagement"
13,"Bot2","q5",2,"Engagement"
13,"Bot2","q6",2,"Engagement"
14,"Bot2","q7",3,"Emotional"
14,"Bot2","q8",2,"Emotional"
14,"Bot2","q9",2,"Emotional"
14,"Bot2","q10",2,"Emotional"
14,"Bot2","q11",2,"Emotional"
14,"Bot2","q12",2,"Emotional"
16,"Bot3","q1",3,"Engagement"
16,"Bot3","q2",3,"Engagement"
16,"Bot3","q3",3,"Engagement"
16,"Bot3","q4",2,"Engagement"
16,"Bot3","q5",3,"Engagement"
16,"Bot3","q6",2,"Engagement"
17,"Bot3","q7",3,"Emotional"
17,"Bot3","q8",2,"Emotional"
17,"Bot3","q9",3,"Emotional"
17,"Bot3","q10",2,"Emotional"
17,"Bot3","q11",2,"Emotional"
17,"Bot3","q12",2,"Emotional"
18,"Bot1","q1",4,"Engagement"
18,"Bot1","q2",4,"Engagement"
18,"Bot1","q3",4,"Engagement"
18,"Bot1","q4",3,"Engagement"
18,"Bot1","q5",3,"Engagement"
18,"Bot1","q6",2,"Engagement"
19,"Bot1","q7",3,"Emotional"
19,"Bot1","q8",4,"Emotional"
19,"Bot1","q9",4,"Emotional"
19,"Bot1","q10",3,"Emotional"
19,"Bot1","q11",4,"Emotional"
19,"Bot1","q12",4,"Emotional"
22,"Bot2","q1",2,"Engagement"
22,"Bot2","q2",2,"Engagement"
22,"Bot2","q3",2,"Engagement"
22,"Bot2","q4",1,"Engagement"
22,"Bot2","q5",2,"Engagement"
22,"Bot2","q6",1,"Engagement"
23,"Bot2","q7",1,"Emotional"
23,"Bot2","q8",1,"Emotional"
23,"Bot2","q9",1,"Emotional"
23,"Bot2","q10",3,"Emotional"
23,"Bot2","q11",2,"Emotional"
23,"Bot2","q12",3,"Emotional"
25,"Bot3","q1",2,"Engagement"
25,"Bot3","q2",3,"Engagement"
25,"Bot3","q3",4,"Engagement"
25,"Bot3","q4",2,"Engagement"
25,"Bot3","q5",4,"Engagement"
25,"Bot3","q6",2,"Engagement"
26,"Bot3","q7",3,"Emotional"
26,"Bot3","q8",3,"Emotional"
26,"Bot3","q9",3,"Emotional"
26,"Bot3","q10",3,"Emotional"
26,"Bot3","q11",3,"Emotional"
26,"Bot3","q12",3,"Emotional"
28,"Bot1","q1",4,"Engagement"
28,"Bot1","q2",4,"Engagement"
28,"Bot1","q3",4,"Engagement"
28,"Bot1","q4",5,"Engagement"
28,"Bot1","q5",5,"Engagement"
28,"Bot1","q6",3,"Engagement"
29,"Bot1","q7",4,"Emotional"
29,"Bot1","q8",3,"Emotional"
29,"Bot1","q9",4,"Emotional"
29,"Bot1","q10",2,"Emotional"
29,"Bot1","q11",4,"Emotional"
29,"Bot1","q12",3,"Emotional"
31,"Bot2","q1",4,"Engagement"
31,"Bot2","q2",3,"Engagement"
31,"Bot2","q3",3,"Engagement"
31,"Bot2","q4",2,"Engagement"
31,"Bot2","q5",2,"Engagement"
31,"Bot2","q6",3,"Engagement"
32,"Bot2","q7",4,"Emotional"
32,"Bot2","q8",3,"Emotional"
32,"Bot2","q9",3,"Emotional"
32,"Bot2","q10",2,"Emotional"
32,"Bot2","q11",3,"Emotional"
32,"Bot2","q12",3,"Emotional"
33,"Bot1","q1",5,"Engagement"
33,"Bot1","q2",4,"Engagement"
33,"Bot1","q3",3,"Engagement"
33,"Bot1","q4",4,"Engagement"
33,"Bot1","q5",3,"Engagement"
33,"Bot1","q6",3,"Engagement"
35,"Bot1","q7",3,"Emotional"
35,"Bot1","q8",2,"Emotional"
35,"Bot1","q9",3,"Emotional"
35,"Bot1","q10",3,"Emotional"
35,"Bot1","q11",3,"Emotional"
35,"Bot1","q12",4,"Emotional"
37,"Bot3","q1",5,"Engagement"
37,"Bot3","q2",3,"Engagement"
37,"Bot3","q3",5,"Engagement"
37,"Bot3","q4",5,"Engagement"
37,"Bot3","q5",4,"Engagement"
37,"Bot3","q6",4,"Engagement"
38,"Bot3","q7",5,"Emotional"
38,"Bot3","q8",4,"Emotional"
38,"Bot3","q9",3,"Emotional"
38,"Bot3","q10",2,"Emotional"
38,"Bot3","q11",4,"Emotional"
38,"Bot3","q12",3,"Emotional"
40,"Bot2","q1",3,"Engagement"
40,"Bot2","q2",3,"Engagement"
40,"Bot2","q3",3,"Engagement"
40,"Bot2","q4",4,"Engagement"
40,"Bot2","q5",3,"Engagement"
40,"Bot2","q6",2,"Engagement"
41,"Bot2","q7",3,"Emotional"
41,"Bot2","q8",2,"Emotional"
41,"Bot2","q9",3,"Emotional"
41,"Bot2","q10",3,"Emotional"
41,"Bot2","q11",3,"Emotional"
41,"Bot2","q12",3,"Emotional"
43,"Bot3","q1",3,"Engagement"
43,"Bot3","q2",3,"Engagement"
43,"Bot3","q3",3,"Engagement"
43,"Bot3","q4",2,"Engagement"
43,"Bot3","q5",3,"Engagement"
43,"Bot3","q6",3,"Engagement"
44,"Bot3","q7",3,"Emotional"
44,"Bot3","q8",2,"Emotional"
44,"Bot3","q9",3,"Emotional"
44,"Bot3","q10",3,"Emotional"
44,"Bot3","q11",3,"Emotional"
44,"Bot3","q12",2,"Emotional"
46,"Bot1","q1",3,"Engagement"
46,"Bot1","q2",5,"Engagement"
46,"Bot1","q3",5,"Engagement"
46,"Bot1","q4",3,"Engagement"
46,"Bot1","q5",3,"Engagement"
46,"Bot1","q6",2,"Engagement"
47,"Bot1","q7",4,"Emotional"
47,"Bot1","q8",1,"Emotional"
47,"Bot1","q9",4,"Emotional"
47,"Bot1","q10",3,"Emotional"
47,"Bot1","q11",2,"Emotional"
47,"Bot1","q12",5,"Emotional"
49,"Bot2","q1",3,"Engagement"
49,"Bot2","q2",3,"Engagement"
49,"Bot2","q3",4,"Engagement"
49,"Bot2","q4",1,"Engagement"
49,"Bot2","q5",2,"Engagement"
49,"Bot2","q6",2,"Engagement"
50,"Bot2","q7",2,"Emotional"
50,"Bot2","q8",1,"Emotional"
50,"Bot2","q9",3,"Emotional"
50,"Bot2","q10",3,"Emotional"
50,"Bot2","q11",2,"Emotional"
50,"Bot2","q12",5,"Emotional"
52,"Bot3","q1",2,"Engagement"
52,"Bot3","q2",3,"Engagement"
52,"Bot3","q3",3,"Engagement"
52,"Bot3","q4",1,"Engagement"
52,"Bot3","q5",2,"Engagement"
52,"Bot3","q6",1,"Engagement"
53,"Bot3","q7",2,"Emotional"
53,"Bot3","q8",1,"Emotional"
53,"Bot3","q9",3,"Emotional"
53,"Bot3","q10",3,"Emotional"
53,"Bot3","q11",2,"Emotional"
53,"Bot3","q12",2,"Emotional"
55,"Bot1","q1",5,"Engagement"
55,"Bot1","q2",5,"Engagement"
55,"Bot1","q3",5,"Engagement"
55,"Bot1","q4",5,"Engagement"
55,"Bot1","q5",5,"Engagement"
55,"Bot1","q6",5,"Engagement"
56,"Bot1","q7",5,"Emotional"
56,"Bot1","q8",5,"Emotional"
56,"Bot1","q9",5,"Emotional"
56,"Bot1","q10",5,"Emotional"
56,"Bot1","q11",5,"Emotional"
56,"Bot1","q12",5,"Emotional"
57,"Bot1","q1",5,"Engagement"
57,"Bot1","q2",5,"Engagement"
57,"Bot1","q3",4,"Engagement"
57,"Bot1","q4",4,"Engagement"
57,"Bot1","q5",4,"Engagement"
57,"Bot1","q6",4,"Engagement"
59,"Bot1","q7",4,"Emotional"
59,"Bot1","q8",4,"Emotional"
59,"Bot1","q9",3,"Emotional"
59,"Bot1","q10",3,"Emotional"
59,"Bot1","q11",5,"Emotional"
59,"Bot1","q12",4,"Emotional"
60,"Bot1","q1",5,"Engagement"
60,"Bot1","q2",5,"Engagement"
60,"Bot1","q3",5,"Engagement"
60,"Bot1","q4",5,"Engagement"
60,"Bot1","q5",5,"Engagement"
60,"Bot1","q6",5,"Engagement"
61,"Bot1","q1",5,"Engagement"
61,"Bot1","q2",5,"Engagement"
61,"Bot1","q3",5,"Engagement"
61,"Bot1","q4",4,"Engagement"
61,"Bot1","q5",5,"Engagement"
61,"Bot1","q6",5,"Engagement"
62,"Bot1","q1",5,"Engagement"
62,"Bot1","q2",5,"Engagement"
62,"Bot1","q3",5,"Engagement"
62,"Bot1","q4",3,"Engagement"
62,"Bot1","q5",4,"Engagement"
62,"Bot1","q6",3,"Engagement"
63,"Bot1","q7",5,"Emotional"
63,"Bot1","q8",1,"Emotional"
63,"Bot1","q9",4,"Emotional"
63,"Bot1","q10",4,"Emotional"
63,"Bot1","q11",5,"Emotional"
63,"Bot1","q12",5,"Emotional"
64,"Bot1","q1",1,"Engagement"
64,"Bot1","q2",5,"Engagement"
64,"Bot1","q3",5,"Engagement"
64,"Bot1","q4",5,"Engagement"
64,"Bot1","q5",5,"Engagement"
64,"Bot1","q6",5,"Engagement"
65,"Bot1","q7",4,"Emotional"
65,"Bot1","q8",3,"Emotional"
65,"Bot1","q9",4,"Emotional"
65,"Bot1","q10",4,"Emotional"
65,"Bot1","q11",5,"Emotional"
65,"Bot1","q12",5,"Emotional"
66,"Bot1","q7",3,"Emotional"
66,"Bot1","q8",3,"Emotional"
66,"Bot1","q9",3,"Emotional"
66,"Bot1","q10",3,"Emotional"
66,"Bot1","q11",3,"Emotional"
66,"Bot1","q12",4,"Emotional"
68,"Bot1","q7",5,"Emotional"
68,"Bot1","q8",5,"Emotional"
68,"Bot1","q9",5,"Emotional"
68,"Bot1","q10",5,"Emotional"
68,"Bot1","q11",5,"Emotional"
68,"Bot1","q12",5,"Emotional"
71,"Bot1","q1",5,"Engagement"
71,"Bot1","q2",3,"Engagement"
71,"Bot1","q3",3,"Engagement"
71,"Bot1","q4",4,"Engagement"
71,"Bot1","q5",2,"Engagement"
71,"Bot1","q6",4,"Engagement"
74,"Bot1","q7",3,"Emotional"
74,"Bot1","q8",2,"Emotional"
74,"Bot1","q9",2,"Emotional"
74,"Bot1","q10",3,"Emotional"
74,"Bot1","q11",2,"Emotional"
74,"Bot1","q12",3,"Emotional"
75,"Bot1","q1",5,"Engagement"
75,"Bot1","q2",5,"Engagement"
75,"Bot1","q3",5,"Engagement"
75,"Bot1","q4",5,"Engagement"
75,"Bot1","q5",5,"Engagement"
75,"Bot1","q6",5,"Engagement"
76,"Bot1","q1",5,"Engagement"
76,"Bot1","q2",5,"Engagement"
76,"Bot1","q3",5,"Engagement"
76,"Bot1","q4",3,"Engagement"
76,"Bot1","q5",5,"Engagement"
76,"Bot1","q6",2,"Engagement"
77,"Bot1","q7",4,"Emotional"
77,"Bot1","q8",4,"Emotional"
77,"Bot1","q9",5,"Emotional"
77,"Bot1","q10",5,"Emotional"
77,"Bot1","q11",5,"Emotional"
77,"Bot1","q12",5,"Emotional"
78,"Bot1","q1",5,"Engagement"
78,"Bot1","q2",5,"Engagement"
78,"Bot1","q3",5,"Engagement"
78,"Bot1","q4",5,"Engagement"
78,"Bot1","q5",5,"Engagement"
78,"Bot1","q6",5,"Engagement"
79,"Bot1","q7",4,"Emotional"
79,"Bot1","q8",3,"Emotional"
79,"Bot1","q9",4,"Emotional"
79,"Bot1","q10",3,"Emotional"
79,"Bot1","q11",4,"Emotional"
79,"Bot1","q12",3,"Emotional"
80,"Bot1","q7",4,"Emotional"
80,"Bot1","q8",5,"Emotional"
80,"Bot1","q9",5,"Emotional"
80,"Bot1","q10",4,"Emotional"
80,"Bot1","q11",5,"Emotional"
80,"Bot1","q12",5,"Emotional"
83,"Bot1","q1",4,"Engagement"
83,"Bot1","q2",5,"Engagement"
83,"Bot1","q3",5,"Engagement"
83,"Bot1","q4",5,"Engagement"
83,"Bot1","q5",5,"Engagement"
83,"Bot1","q6",3,"Engagement"
84,"Bot2","q1",3,"Engagement"
84,"Bot2","q2",3,"Engagement"
84,"Bot2","q3",3,"Engagement"
84,"Bot2","q4",3,"Engagement"
84,"Bot2","q5",3,"Engagement"
84,"Bot2","q6",3,"Engagement"
86,"Bot2","q7",4,"Emotional"
86,"Bot2","q8",3,"Emotional"
86,"Bot2","q9",2,"Emotional"
86,"Bot2","q10",2,"Emotional"
86,"Bot2","q11",3,"Emotional"
86,"Bot2","q12",3,"Emotional"
87,"Bot1","q7",4,"Emotional"
87,"Bot1","q8",5,"Emotional"
87,"Bot1","q9",4,"Emotional"
87,"Bot1","q10",4,"Emotional"
87,"Bot1","q11",5,"Emotional"
87,"Bot1","q12",5,"Emotional"
91,"Bot2","q1",4,"Engagement"
91,"Bot2","q2",3,"Engagement"
91,"Bot2","q3",3,"Engagement"
91,"Bot2","q4",3,"Engagement"
91,"Bot2","q5",2,"Engagement"
91,"Bot2","q6",2,"Engagement"
92,"Bot1","q1",5,"Engagement"
92,"Bot1","q2",5,"Engagement"
92,"Bot1","q3",5,"Engagement"
92,"Bot1","q4",5,"Engagement"
92,"Bot1","q5",5,"Engagement"
92,"Bot1","q6",3,"Engagement"
93,"Bot1","q1",3,"Engagement"
93,"Bot1","q2",4,"Engagement"
93,"Bot1","q3",4,"Engagement"
93,"Bot1","q4",4,"Engagement"
93,"Bot1","q5",4,"Engagement"
93,"Bot1","q6",5,"Engagement"
94,"Bot2","q7",3,"Emotional"
94,"Bot2","q8",3,"Emotional"
94,"Bot2","q9",3,"Emotional"
94,"Bot2","q10",3,"Emotional"
94,"Bot2","q11",3,"Emotional"
94,"Bot2","q12",3,"Emotional"
95,"Bot1","q7",4,"Emotional"
95,"Bot1","q8",4,"Emotional"
95,"Bot1","q9",5,"Emotional"
95,"Bot1","q10",5,"Emotional"
95,"Bot1","q11",5,"Emotional"
95,"Bot1","q12",5,"Emotional"
96,"Bot2","q1",5,"Engagement"
96,"Bot2","q2",5,"Engagement"
96,"Bot2","q3",5,"Engagement"
96,"Bot2","q4",5,"Engagement"
96,"Bot2","q5",5,"Engagement"
96,"Bot2","q6",5,"Engagement"
97,"Bot2","q1",3,"Engagement"
97,"Bot2","q2",4,"Engagement"
97,"Bot2","q3",4,"Engagement"
97,"Bot2","q4",3,"Engagement"
97,"Bot2","q5",5,"Engagement"
97,"Bot2","q6",3,"Engagement"
98,"Bot2","q1",4,"Engagement"
98,"Bot2","q2",4,"Engagement"
98,"Bot2","q3",4,"Engagement"
98,"Bot2","q4",1,"Engagement"
98,"Bot2","q5",2,"Engagement"
98,"Bot2","q6",2,"Engagement"
99,"Bot2","q7",5,"Emotional"
99,"Bot2","q8",1,"Emotional"
99,"Bot2","q9",4,"Emotional"
99,"Bot2","q10",3,"Emotional"
99,"Bot2","q11",5,"Emotional"
99,"Bot2","q12",5,"Emotional"
101,"Bot1","q7",2,"Emotional"
101,"Bot1","q8",1,"Emotional"
101,"Bot1","q9",2,"Emotional"
101,"Bot1","q10",3,"Emotional"
101,"Bot1","q11",3,"Emotional"
101,"Bot1","q12",4,"Emotional"
102,"Bot2","q7",1,"Emotional"
102,"Bot2","q8",2,"Emotional"
102,"Bot2","q9",3,"Emotional"
102,"Bot2","q10",3,"Emotional"
102,"Bot2","q11",3,"Emotional"
102,"Bot2","q12",2,"Emotional"
104,"Bot2","q7",2,"Emotional"
104,"Bot2","q8",2,"Emotional"
104,"Bot2","q9",2,"Emotional"
104,"Bot2","q10",3,"Emotional"
104,"Bot2","q11",3,"Emotional"
104,"Bot2","q12",2,"Emotional"
105,"Bot2","q1",5,"Engagement"
105,"Bot2","q2",5,"Engagement"
105,"Bot2","q3",5,"Engagement"
105,"Bot2","q4",5,"Engagement"
105,"Bot2","q5",5,"Engagement"
105,"Bot2","q6",5,"Engagement"
106,"Bot2","q7",5,"Emotional"
106,"Bot2","q8",5,"Emotional"
106,"Bot2","q9",5,"Emotional"
106,"Bot2","q10",5,"Emotional"
106,"Bot2","q11",5,"Emotional"
106,"Bot2","q12",5,"Emotional"
110,"Bot2","q1",3,"Engagement"
110,"Bot2","q2",4,"Engagement"
110,"Bot2","q3",3,"Engagement"
110,"Bot2","q4",3,"Engagement"
110,"Bot2","q5",3,"Engagement"
110,"Bot2","q6",4,"Engagement"
112,"Bot2","q1",5,"Engagement"
112,"Bot2","q2",3,"Engagement"
112,"Bot2","q3",3,"Engagement"
112,"Bot2","q4",2,"Engagement"
112,"Bot2","q5",2,"Engagement"
112,"Bot2","q6",2,"Engagement"
113,"Bot2","q1",5,"Engagement"
113,"Bot2","q2",4,"Engagement"
113,"Bot2","q3",4,"Engagement"
113,"Bot2","q4",4,"Engagement"
113,"Bot2","q5",5,"Engagement"
113,"Bot2","q6",5,"Engagement"
114,"Bot2","q7",2,"Emotional"
114,"Bot2","q8",2,"Emotional"
114,"Bot2","q9",2,"Emotional"
114,"Bot2","q10",2,"Emotional"
114,"Bot2","q11",2,"Emotional"
114,"Bot2","q12",2,"Emotional"
115,"Bot2","q7",2,"Emotional"
115,"Bot2","q8",2,"Emotional"
115,"Bot2","q9",2,"Emotional"
115,"Bot2","q10",2,"Emotional"
115,"Bot2","q11",3,"Emotional"
115,"Bot2","q12",3,"Emotional"
116,"Bot2","q7",4,"Emotional"
116,"Bot2","q8",5,"Emotional"
116,"Bot2","q9",5,"Emotional"
116,"Bot2","q10",4,"Emotional"
116,"Bot2","q11",3,"Emotional"
116,"Bot2","q12",5,"Emotional"
119,"Bot3","q1",5,"Engagement"
119,"Bot3","q2",5,"Engagement"
119,"Bot3","q3",5,"Engagement"
119,"Bot3","q4",4,"Engagement"
119,"Bot3","q5",5,"Engagement"
119,"Bot3","q6",5,"Engagement"
120,"Bot3","q7",4,"Emotional"
120,"Bot3","q8",4,"Emotional"
120,"Bot3","q9",5,"Emotional"
120,"Bot3","q10",5,"Emotional"
120,"Bot3","q11",4,"Emotional"
120,"Bot3","q12",4,"Emotional"
123,"Bot2","q1",5,"Engagement"
123,"Bot2","q2",5,"Engagement"
123,"Bot2","q3",5,"Engagement"
123,"Bot2","q4",5,"Engagement"
123,"Bot2","q5",5,"Engagement"
123,"Bot2","q6",5,"Engagement"
124,"Bot2","q7",5,"Emotional"
124,"Bot2","q8",5,"Emotional"
124,"Bot2","q9",5,"Emotional"
124,"Bot2","q10",5,"Emotional"
124,"Bot2","q11",5,"Emotional"
124,"Bot2","q12",5,"Emotional"
125,"Bot1","q1",5,"Engagement"
125,"Bot1","q2",5,"Engagement"
125,"Bot1","q3",5,"Engagement"
125,"Bot1","q4",4,"Engagement"
125,"Bot1","q5",5,"Engagement"
125,"Bot1","q6",4,"Engagement"
126,"Bot2","q1",4,"Engagement"
126,"Bot2","q2",3,"Engagement"
126,"Bot2","q3",3,"Engagement"
126,"Bot2","q4",3,"Engagement"
126,"Bot2","q5",3,"Engagement"
126,"Bot2","q6",4,"Engagement"
127,"Bot2","q1",4,"Engagement"
127,"Bot2","q2",3,"Engagement"
127,"Bot2","q3",3,"Engagement"
127,"Bot2","q4",3,"Engagement"
127,"Bot2","q5",2,"Engagement"
127,"Bot2","q6",3,"Engagement"
129,"Bot1","q7",4,"Emotional"
129,"Bot1","q8",3,"Emotional"
129,"Bot1","q9",5,"Emotional"
129,"Bot1","q10",3,"Emotional"
129,"Bot1","q11",4,"Emotional"
129,"Bot1","q12",5,"Emotional"
130,"Bot2","q7",3,"Emotional"
130,"Bot2","q8",3,"Emotional"
130,"Bot2","q9",3,"Emotional"
130,"Bot2","q10",3,"Emotional"
130,"Bot2","q11",3,"Emotional"
130,"Bot2","q12",4,"Emotional"
131,"Bot3","q1",4,"Engagement"
131,"Bot3","q2",4,"Engagement"
131,"Bot3","q3",4,"Engagement"
131,"Bot3","q4",2,"Engagement"
131,"Bot3","q5",4,"Engagement"
131,"Bot3","q6",1,"Engagement"
132,"Bot3","q7",4,"Emotional"
132,"Bot3","q8",4,"Emotional"
132,"Bot3","q9",5,"Emotional"
132,"Bot3","q10",3,"Emotional"
132,"Bot3","q11",4,"Emotional"
132,"Bot3","q12",3,"Emotional"
133,"Bot2","q7",2,"Emotional"
133,"Bot2","q8",2,"Emotional"
133,"Bot2","q9",2,"Emotional"
133,"Bot2","q10",1,"Emotional"
133,"Bot2","q11",3,"Emotional"
133,"Bot2","q12",2,"Emotional"
138,"Bot3","q1",5,"Engagement"
138,"Bot3","q2",5,"Engagement"
138,"Bot3","q3",5,"Engagement"
138,"Bot3","q4",3,"Engagement"
138,"Bot3","q5",4,"Engagement"
138,"Bot3","q6",3,"Engagement"
139,"Bot3","q7",3,"Emotional"
139,"Bot3","q8",3,"Emotional"
139,"Bot3","q9",3,"Emotional"
139,"Bot3","q10",2,"Emotional"
139,"Bot3","q11",4,"Emotional"
139,"Bot3","q12",3,"Emotional"
140,"Bot3","q1",4,"Engagement"
140,"Bot3","q2",5,"Engagement"
140,"Bot3","q3",5,"Engagement"
140,"Bot3","q4",5,"Engagement"
140,"Bot3","q5",5,"Engagement"
140,"Bot3","q6",5,"Engagement"
141,"Bot3","q1",5,"Engagement"
141,"Bot3","q2",5,"Engagement"
141,"Bot3","q3",5,"Engagement"
141,"Bot3","q4",5,"Engagement"
141,"Bot3","q5",5,"Engagement"
141,"Bot3","q6",5,"Engagement"
142,"Bot3","q7",5,"Emotional"
142,"Bot3","q8",5,"Emotional"
142,"Bot3","q9",4,"Emotional"
142,"Bot3","q10",5,"Emotional"
142,"Bot3","q11",5,"Emotional"
142,"Bot3","q12",4,"Emotional"
143,"Bot3","q7",5,"Emotional"
143,"Bot3","q8",5,"Emotional"
143,"Bot3","q9",5,"Emotional"
143,"Bot3","q10",5,"Emotional"
143,"Bot3","q11",5,"Emotional"
143,"Bot3","q12",5,"Emotional"
147,"Bot3","q1",4,"Engagement"
147,"Bot3","q2",3,"Engagement"
147,"Bot3","q3",3,"Engagement"
147,"Bot3","q4",3,"Engagement"
147,"Bot3","q5",4,"Engagement"
147,"Bot3","q6",2,"Engagement"
148,"Bot3","q7",2,"Emotional"
148,"Bot3","q8",2,"Emotional"
148,"Bot3","q9",3,"Emotional"
148,"Bot3","q10",2,"Emotional"
148,"Bot3","q11",4,"Emotional"
148,"Bot3","q12",2,"Emotional"
149,"Bot3","q1",4,"Engagement"
149,"Bot3","q2",3,"Engagement"
149,"Bot3","q3",4,"Engagement"
149,"Bot3","q4",2,"Engagement"
149,"Bot3","q5",4,"Engagement"
149,"Bot3","q6",2,"Engagement"
151,"Bot3","q7",3,"Emotional"
151,"Bot3","q8",2,"Emotional"
151,"Bot3","q9",2,"Emotional"
151,"Bot3","q10",3,"Emotional"
151,"Bot3","q11",3,"Emotional"
151,"Bot3","q12",3,"Emotional"
152,"Bot1","q1",5,"Engagement"
152,"Bot1","q2",5,"Engagement"
152,"Bot1","q3",5,"Engagement"
152,"Bot1","q4",4,"Engagement"
152,"Bot1","q5",4,"Engagement"
152,"Bot1","q6",5,"Engagement"
154,"Bot3","q1",5,"Engagement"
154,"Bot3","q2",5,"Engagement"
154,"Bot3","q3",5,"Engagement"
154,"Bot3","q4",5,"Engagement"
154,"Bot3","q5",5,"Engagement"
154,"Bot3","q6",5,"Engagement"
155,"Bot2","q1",5,"Engagement"
155,"Bot2","q2",5,"Engagement"
155,"Bot2","q3",5,"Engagement"
155,"Bot2","q4",5,"Engagement"
155,"Bot2","q5",5,"Engagement"
155,"Bot2","q6",5,"Engagement"
157,"Bot3","q7",4,"Emotional"
157,"Bot3","q8",3,"Emotional"
157,"Bot3","q9",4,"Emotional"
157,"Bot3","q10",3,"Emotional"
157,"Bot3","q11",5,"Emotional"
157,"Bot3","q12",5,"Emotional"
158,"Bot2","q1",3,"Engagement"
158,"Bot2","q2",4,"Engagement"
158,"Bot2","q3",3,"Engagement"
158,"Bot2","q4",3,"Engagement"
158,"Bot2","q5",4,"Engagement"
158,"Bot2","q6",1,"Engagement"
160,"Bot1","q7",5,"Emotional"
160,"Bot1","q8",4,"Emotional"
160,"Bot1","q9",4,"Emotional"
160,"Bot1","q10",4,"Emotional"
160,"Bot1","q11",4,"Emotional"
160,"Bot1","q12",5,"Emotional"
161,"Bot2","q7",3,"Emotional"
161,"Bot2","q8",2,"Emotional"
161,"Bot2","q9",4,"Emotional"
161,"Bot2","q10",3,"Emotional"
161,"Bot2","q11",2,"Emotional"
161,"Bot2","q12",2,"Emotional"
164,"Bot3","q1",2,"Engagement"
164,"Bot3","q2",1,"Engagement"
164,"Bot3","q3",2,"Engagement"
164,"Bot3","q4",1,"Engagement"
164,"Bot3","q5",1,"Engagement"
164,"Bot3","q6",1,"Engagement"
165,"Bot3","q7",1,"Emotional"
165,"Bot3","q8",2,"Emotional"
165,"Bot3","q9",1,"Emotional"
165,"Bot3","q10",1,"Emotional"
165,"Bot3","q11",1,"Emotional"
165,"Bot3","q12",1,"Emotional"
166,"Bot3","q1",5,"Engagement"
166,"Bot3","q2",5,"Engagement"
166,"Bot3","q3",5,"Engagement"
166,"Bot3","q4",4,"Engagement"
166,"Bot3","q5",4,"Engagement"
166,"Bot3","q6",5,"Engagement"
167,"Bot3","q1",4,"Engagement"
167,"Bot3","q2",3,"Engagement"
167,"Bot3","q3",3,"Engagement"
167,"Bot3","q4",3,"Engagement"
167,"Bot3","q5",2,"Engagement"
167,"Bot3","q6",3,"Engagement"
168,"Bot3","q7",5,"Emotional"
168,"Bot3","q8",5,"Emotional"
168,"Bot3","q9",5,"Emotional"
168,"Bot3","q10",5,"Emotional"
168,"Bot3","q11",5,"Emotional"
168,"Bot3","q12",5,"Emotional"
169,"Bot3","q7",2,"Emotional"
169,"Bot3","q8",1,"Emotional"
169,"Bot3","q9",3,"Emotional"
169,"Bot3","q10",1,"Emotional"
169,"Bot3","q11",2,"Emotional"
169,"Bot3","q12",1,"Emotional"
171,"Bot3","q1",5,"Engagement"
171,"Bot3","q2",5,"Engagement"
171,"Bot3","q3",5,"Engagement"
171,"Bot3","q4",5,"Engagement"
171,"Bot3","q5",5,"Engagement"
171,"Bot3","q6",5,"Engagement"
173,"Bot3","q7",5,"Emotional"
173,"Bot3","q8",5,"Emotional"
173,"Bot3","q9",5,"Emotional"
173,"Bot3","q10",5,"Emotional"
173,"Bot3","q11",5,"Emotional"
173,"Bot3","q12",5,"Emotional"
174,"Bot2","q7",2,"Emotional"
174,"Bot2","q8",4,"Emotional"
174,"Bot2","q9",4,"Emotional"
174,"Bot2","q10",3,"Emotional"
174,"Bot2","q11",5,"Emotional"
174,"Bot2","q12",5,"Emotional"
178,"Bot3","q1",5,"Engagement"
178,"Bot3","q2",5,"Engagement"
178,"Bot3","q3",5,"Engagement"
178,"Bot3","q4",5,"Engagement"
178,"Bot3","q5",5,"Engagement"
178,"Bot3","q6",3,"Engagement"
179,"Bot3","q7",4,"Emotional"
179,"Bot3","q8",4,"Emotional"
179,"Bot3","q9",5,"Emotional"
179,"Bot3","q10",4,"Emotional"
179,"Bot3","q11",5,"Emotional"
179,"Bot3","q12",5,"Emotional"
181,"Bot2","q1",3,"Engagement"
181,"Bot2","q2",2,"Engagement"
181,"Bot2","q3",3,"Engagement"
181,"Bot2","q4",1,"Engagement"
181,"Bot2","q5",1,"Engagement"
181,"Bot2","q6",3,"Engagement"
182,"Bot2","q7",2,"Emotional"
182,"Bot2","q8",1,"Emotional"
182,"Bot2","q9",1,"Emotional"
182,"Bot2","q10",1,"Emotional"
182,"Bot2","q11",2,"Emotional"
182,"Bot2","q12",3,"Emotional"
183,"Bot3","q1",5,"Engagement"
183,"Bot3","q2",5,"Engagement"
183,"Bot3","q3",5,"Engagement"
183,"Bot3","q4",3,"Engagement"
183,"Bot3","q5",3,"Engagement"
183,"Bot3","q6",1,"Engagement"
185,"Bot3","q7",4,"Emotional"
185,"Bot3","q8",3,"Emotional"
185,"Bot3","q9",4,"Emotional"
185,"Bot3","q10",3,"Emotional"
185,"Bot3","q11",5,"Emotional"
185,"Bot3","q12",4,"Emotional"
186,"Bot3","q1",5,"Engagement"
186,"Bot3","q2",4,"Engagement"
186,"Bot3","q3",5,"Engagement"
186,"Bot3","q4",4,"Engagement"
186,"Bot3","q5",4,"Engagement"
186,"Bot3","q6",3,"Engagement"
187,"Bot3","q7",5,"Emotional"
187,"Bot3","q8",5,"Emotional"
187,"Bot3","q9",5,"Emotional"
187,"Bot3","q10",2,"Emotional"
187,"Bot3","q11",4,"Emotional"
187,"Bot3","q12",4,"Emotional"
190,"Bot1","q1",4,"Engagement"
190,"Bot1","q2",4,"Engagement"
190,"Bot1","q3",5,"Engagement"
190,"Bot1","q4",3,"Engagement"
190,"Bot1","q5",3,"Engagement"
190,"Bot1","q6",4,"Engagement"
191,"Bot1","q7",3,"Emotional"
191,"Bot1","q8",2,"Emotional"
191,"Bot1","q9",4,"Emotional"
191,"Bot1","q10",3,"Emotional"
191,"Bot1","q11",3,"Emotional"
191,"Bot1","q12",4,"Emotional"
192,"Bot1","q1",5,"Engagement"
192,"Bot1","q2",5,"Engagement"
192,"Bot1","q3",5,"Engagement"
192,"Bot1","q4",5,"Engagement"
192,"Bot1","q5",5,"Engagement"
192,"Bot1","q6",5,"Engagement"
194,"Bot1","q1",5,"Engagement"
194,"Bot1","q2",5,"Engagement"
194,"Bot1","q3",5,"Engagement"
194,"Bot1","q4",4,"Engagement"
194,"Bot1","q5",5,"Engagement"
194,"Bot1","q6",4,"Engagement"
195,"Bot1","q1",5,"Engagement"
195,"Bot1","q2",5,"Engagement"
195,"Bot1","q3",5,"Engagement"
195,"Bot1","q4",5,"Engagement"
195,"Bot1","q5",5,"Engagement"
195,"Bot1","q6",5,"Engagement"
196,"Bot1","q7",5,"Emotional"
196,"Bot1","q8",5,"Emotional"
196,"Bot1","q9",5,"Emotional"
196,"Bot1","q10",3,"Emotional"
196,"Bot1","q11",5,"Emotional"
196,"Bot1","q12",5,"Emotional"
197,"Bot1","q7",5,"Emotional"
197,"Bot1","q8",5,"Emotional"
197,"Bot1","q9",5,"Emotional"
197,"Bot1","q10",5,"Emotional"
197,"Bot1","q11",5,"Emotional"
197,"Bot1","q12",5,"Emotional"
198,"Bot1","q1",3,"Engagement"
198,"Bot1","q2",4,"Engagement"
198,"Bot1","q3",4,"Engagement"
198,"Bot1","q4",2,"Engagement"
198,"Bot1","q5",2,"Engagement"
198,"Bot1","q6",2,"Engagement"
199,"Bot1","q7",5,"Emotional"
199,"Bot1","q8",4,"Emotional"
199,"Bot1","q9",5,"Emotional"
199,"Bot1","q10",4,"Emotional"
199,"Bot1","q11",5,"Emotional"
199,"Bot1","q12",5,"Emotional"
200,"Bot1","q7",2,"Emotional"
200,"Bot1","q8",2,"Emotional"
200,"Bot1","q9",4,"Emotional"
200,"Bot1","q10",3,"Emotional"
200,"Bot1","q11",3,"Emotional"
200,"Bot1","q12",2,"Emotional"
201,"Bot1","q1",4,"Engagement"
201,"Bot1","q2",5,"Engagement"
201,"Bot1","q3",5,"Engagement"
201,"Bot1","q4",3,"Engagement"
201,"Bot1","q5",4,"Engagement"
201,"Bot1","q6",2,"Engagement"
206,"Bot1","q7",4,"Emotional"
206,"Bot1","q8",3,"Emotional"
206,"Bot1","q9",4,"Emotional"
206,"Bot1","q10",3,"Emotional"
206,"Bot1","q11",4,"Emotional"
206,"Bot1","q12",4,"Emotional"
207,"Bot1","q1",1,"Engagement"
207,"Bot1","q2",3,"Engagement"
207,"Bot1","q3",2,"Engagement"
207,"Bot1","q4",3,"Engagement"
207,"Bot1","q5",4,"Engagement"
207,"Bot1","q6",2,"Engagement"
208,"Bot1","q7",3,"Emotional"
208,"Bot1","q8",2,"Emotional"
208,"Bot1","q9",2,"Emotional"
208,"Bot1","q10",3,"Emotional"
208,"Bot1","q11",1,"Emotional"
208,"Bot1","q12",3,"Emotional"
210,"Bot1","q1",2,"Engagement"
210,"Bot1","q2",5,"Engagement"
210,"Bot1","q3",5,"Engagement"
210,"Bot1","q4",4,"Engagement"
210,"Bot1","q5",5,"Engagement"
210,"Bot1","q6",4,"Engagement"
211,"Bot2","q1",1,"Engagement"
211,"Bot2","q2",1,"Engagement"
211,"Bot2","q3",1,"Engagement"
211,"Bot2","q4",1,"Engagement"
211,"Bot2","q5",1,"Engagement"
211,"Bot2","q6",1,"Engagement"
212,"Bot2","q7",1,"Emotional"
212,"Bot2","q8",1,"Emotional"
212,"Bot2","q9",1,"Emotional"
212,"Bot2","q10",1,"Emotional"
212,"Bot2","q11",1,"Emotional"
212,"Bot2","q12",1,"Emotional"
215,"Bot2","q1",1,"Engagement"
215,"Bot2","q2",1,"Engagement"
215,"Bot2","q3",1,"Engagement"
215,"Bot2","q4",1,"Engagement"
215,"Bot2","q5",1,"Engagement"
215,"Bot2","q6",1,"Engagement"
216,"Bot2","q7",1,"Emotional"
216,"Bot2","q8",1,"Emotional"
216,"Bot2","q9",1,"Emotional"
216,"Bot2","q10",1,"Emotional"
216,"Bot2","q11",1,"Emotional"
216,"Bot2","q12",1,"Emotional"
217,"Bot1","q7",3,"Emotional"
217,"Bot1","q8",4,"Emotional"
217,"Bot1","q9",5,"Emotional"
217,"Bot1","q10",1,"Emotional"
217,"Bot1","q11",4,"Emotional"
217,"Bot1","q12",4,"Emotional"
218,"Bot2","q1",1,"Engagement"
218,"Bot2","q2",1,"Engagement"
218,"Bot2","q3",1,"Engagement"
218,"Bot2","q4",1,"Engagement"
218,"Bot2","q5",1,"Engagement"
218,"Bot2","q6",1,"Engagement"
219,"Bot2","q7",1,"Emotional"
219,"Bot2","q8",1,"Emotional"
219,"Bot2","q9",1,"Emotional"
219,"Bot2","q10",1,"Emotional"
219,"Bot2","q11",1,"Emotional"
219,"Bot2","q12",1,"Emotional"
221,"Bot1","q1",5,"Engagement"
221,"Bot1","q2",4,"Engagement"
221,"Bot1","q3",5,"Engagement"
221,"Bot1","q4",4,"Engagement"
221,"Bot1","q5",4,"Engagement"
221,"Bot1","q6",2,"Engagement"
222,"Bot1","q7",5,"Emotional"
222,"Bot1","q8",4,"Emotional"
222,"Bot1","q9",3,"Emotional"
222,"Bot1","q10",4,"Emotional"
222,"Bot1","q11",3,"Emotional"
222,"Bot1","q12",4,"Emotional"
224,"Bot3","q1",1,"Engagement"
224,"Bot3","q2",1,"Engagement"
224,"Bot3","q3",1,"Engagement"
224,"Bot3","q4",1,"Engagement"
224,"Bot3","q5",1,"Engagement"
224,"Bot3","q6",1,"Engagement"
225,"Bot3","q7",1,"Emotional"
225,"Bot3","q8",1,"Emotional"
225,"Bot3","q9",1,"Emotional"
225,"Bot3","q10",1,"Emotional"
225,"Bot3","q11",1,"Emotional"
225,"Bot3","q12",1,"Emotional"
229,"Bot1","q1",1,"Engagement"
229,"Bot1","q2",4,"Engagement"
229,"Bot1","q3",3,"Engagement"
229,"Bot1","q4",1,"Engagement"
229,"Bot1","q5",2,"Engagement"
229,"Bot1","q6",1,"Engagement"
230,"Bot2","q1",5,"Engagement"
230,"Bot2","q2",5,"Engagement"
230,"Bot2","q3",5,"Engagement"
230,"Bot2","q4",5,"Engagement"
230,"Bot2","q5",5,"Engagement"
230,"Bot2","q6",5,"Engagement"
231,"Bot2","q7",5,"Emotional"
231,"Bot2","q8",5,"Emotional"
231,"Bot2","q9",5,"Emotional"
231,"Bot2","q10",5,"Emotional"
231,"Bot2","q11",5,"Emotional"
231,"Bot2","q12",5,"Emotional"
232,"Bot1","q1",3,"Engagement"
232,"Bot1","q2",4,"Engagement"
232,"Bot1","q3",4,"Engagement"
232,"Bot1","q4",3,"Engagement"
232,"Bot1","q5",3,"Engagement"
232,"Bot1","q6",4,"Engagement"
233,"Bot1","q7",1,"Emotional"
233,"Bot1","q8",1,"Emotional"
233,"Bot1","q9",1,"Emotional"
233,"Bot1","q10",3,"Emotional"
233,"Bot1","q11",1,"Emotional"
233,"Bot1","q12",3,"Emotional"
234,"Bot1","q7",3,"Emotional"
234,"Bot1","q8",3,"Emotional"
234,"Bot1","q9",3,"Emotional"
234,"Bot1","q10",2,"Emotional"
234,"Bot1","q11",4,"Emotional"
234,"Bot1","q12",3,"Emotional"
235,"Bot1","q1",5,"Engagement"
235,"Bot1","q2",3,"Engagement"
235,"Bot1","q3",3,"Engagement"
235,"Bot1","q4",2,"Engagement"
235,"Bot1","q5",3,"Engagement"
235,"Bot1","q6",2,"Engagement"
237,"Bot3","q1",1,"Engagement"
237,"Bot3","q2",1,"Engagement"
237,"Bot3","q3",1,"Engagement"
237,"Bot3","q4",1,"Engagement"
237,"Bot3","q5",1,"Engagement"
237,"Bot3","q6",1,"Engagement"
238,"Bot3","q7",1,"Emotional"
238,"Bot3","q8",1,"Emotional"
238,"Bot3","q9",1,"Emotional"
238,"Bot3","q10",1,"Emotional"
238,"Bot3","q11",1,"Emotional"
238,"Bot3","q12",1,"Emotional"
239,"Bot1","q7",3,"Emotional"
239,"Bot1","q8",2,"Emotional"
239,"Bot1","q9",3,"Emotional"
239,"Bot1","q10",3,"Emotional"
239,"Bot1","q11",3,"Emotional"
239,"Bot1","q12",2,"Emotional"
241,"Bot1","q1",1,"Engagement"
241,"Bot1","q2",1,"Engagement"
241,"Bot1","q3",1,"Engagement"
241,"Bot1","q4",1,"Engagement"
241,"Bot1","q5",1,"Engagement"
241,"Bot1","q6",1,"Engagement"
243,"Bot1","q7",1,"Emotional"
243,"Bot1","q8",1,"Emotional"
243,"Bot1","q9",1,"Emotional"
243,"Bot1","q10",1,"Emotional"
243,"Bot1","q11",1,"Emotional"
243,"Bot1","q12",1,"Emotional"
245,"Bot2","q1",5,"Engagement"
245,"Bot2","q2",4,"Engagement"
245,"Bot2","q3",4,"Engagement"
245,"Bot2","q4",4,"Engagement"
245,"Bot2","q5",3,"Engagement"
245,"Bot2","q6",4,"Engagement"
246,"Bot3","q1",1,"Engagement"
246,"Bot3","q2",1,"Engagement"
246,"Bot3","q3",1,"Engagement"
246,"Bot3","q4",1,"Engagement"
246,"Bot3","q5",1,"Engagement"
246,"Bot3","q6",1,"Engagement"
248,"Bot2","q7",4,"Emotional"
248,"Bot2","q8",4,"Emotional"
248,"Bot2","q9",4,"Emotional"
248,"Bot2","q10",3,"Emotional"
248,"Bot2","q11",3,"Emotional"
248,"Bot2","q12",3,"Emotional"
249,"Bot3","q7",1,"Emotional"
249,"Bot3","q8",1,"Emotional"
249,"Bot3","q9",1,"Emotional"
249,"Bot3","q10",3,"Emotional"
249,"Bot3","q11",1,"Emotional"
249,"Bot3","q12",1,"Emotional"
251,"Bot1","q1",2,"Engagement"
251,"Bot1","q2",4,"Engagement"
251,"Bot1","q3",4,"Engagement"
251,"Bot1","q4",2,"Engagement"
251,"Bot1","q5",2,"Engagement"
251,"Bot1","q6",3,"Engagement"
253,"Bot3","q1",4,"Engagement"
253,"Bot3","q2",4,"Engagement"
253,"Bot3","q3",4,"Engagement"
253,"Bot3","q4",4,"Engagement"
253,"Bot3","q5",3,"Engagement"
253,"Bot3","q6",4,"Engagement"
254,"Bot1","q7",2,"Emotional"
254,"Bot1","q8",2,"Emotional"
254,"Bot1","q9",3,"Emotional"
254,"Bot1","q10",3,"Emotional"
254,"Bot1","q11",3,"Emotional"
254,"Bot1","q12",3,"Emotional"
256,"Bot3","q7",4,"Emotional"
256,"Bot3","q8",4,"Emotional"
256,"Bot3","q9",3,"Emotional"
256,"Bot3","q10",3,"Emotional"
256,"Bot3","q11",3,"Emotional"
256,"Bot3","q12",4,"Emotional"
257,"Bot2","q1",1,"Engagement"
257,"Bot2","q2",3,"Engagement"
257,"Bot2","q3",3,"Engagement"
257,"Bot2","q4",3,"Engagement"
257,"Bot2","q5",4,"Engagement"
257,"Bot2","q6",4,"Engagement"
259,"Bot2","q1",3,"Engagement"
259,"Bot2","q2",3,"Engagement"
259,"Bot2","q3",2,"Engagement"
259,"Bot2","q4",2,"Engagement"
259,"Bot2","q5",2,"Engagement"
259,"Bot2","q6",3,"Engagement"
261,"Bot2","q7",3,"Emotional"
261,"Bot2","q8",2,"Emotional"
261,"Bot2","q9",2,"Emotional"
261,"Bot2","q10",2,"Emotional"
261,"Bot2","q11",3,"Emotional"
261,"Bot2","q12",3,"Emotional"
263,"Bot2","q7",1,"Emotional"
263,"Bot2","q8",4,"Emotional"
263,"Bot2","q9",4,"Emotional"
263,"Bot2","q10",4,"Emotional"
263,"Bot2","q11",4,"Emotional"
263,"Bot2","q12",4,"Emotional"
264,"Bot3","q1",5,"Engagement"
264,"Bot3","q2",5,"Engagement"
264,"Bot3","q3",5,"Engagement"
264,"Bot3","q4",4,"Engagement"
264,"Bot3","q5",5,"Engagement"
264,"Bot3","q6",4,"Engagement"
266,"Bot3","q7",5,"Emotional"
266,"Bot3","q8",5,"Emotional"
266,"Bot3","q9",4,"Emotional"
266,"Bot3","q10",5,"Emotional"
266,"Bot3","q11",5,"Emotional"
266,"Bot3","q12",5,"Emotional"
267,"Bot2","q1",4,"Engagement"
267,"Bot2","q2",5,"Engagement"
267,"Bot2","q3",4,"Engagement"
267,"Bot2","q4",5,"Engagement"
267,"Bot2","q5",4,"Engagement"
267,"Bot2","q6",2,"Engagement"
268,"Bot2","q1",5,"Engagement"
268,"Bot2","q2",5,"Engagement"
268,"Bot2","q3",5,"Engagement"
268,"Bot2","q4",4,"Engagement"
268,"Bot2","q5",5,"Engagement"
268,"Bot2","q6",5,"Engagement"
270,"Bot2","q7",2,"Emotional"
270,"Bot2","q8",3,"Emotional"
270,"Bot2","q9",4,"Emotional"
270,"Bot2","q10",3,"Emotional"
270,"Bot2","q11",4,"Emotional"
270,"Bot2","q12",3,"Emotional"
271,"Bot2","q7",5,"Emotional"
271,"Bot2","q8",4,"Emotional"
271,"Bot2","q9",4,"Emotional"
271,"Bot2","q10",3,"Emotional"
271,"Bot2","q11",5,"Emotional"
271,"Bot2","q12",5,"Emotional"
272,"Bot1","q1",5,"Engagement"
272,"Bot1","q2",5,"Engagement"
272,"Bot1","q3",5,"Engagement"
272,"Bot1","q4",5,"Engagement"
272,"Bot1","q5",5,"Engagement"
272,"Bot1","q6",5,"Engagement"
273,"Bot1","q7",5,"Emotional"
273,"Bot1","q8",5,"Emotional"
273,"Bot1","q9",5,"Emotional"
273,"Bot1","q10",5,"Emotional"
273,"Bot1","q11",5,"Emotional"
273,"Bot1","q12",5,"Emotional"
274,"Bot1","q1",5,"Engagement"
274,"Bot1","q2",5,"Engagement"
274,"Bot1","q3",5,"Engagement"
274,"Bot1","q4",5,"Engagement"
274,"Bot1","q5",5,"Engagement"
274,"Bot1","q6",3,"Engagement"
275,"Bot2","q1",4,"Engagement"
275,"Bot2","q2",4,"Engagement"
275,"Bot2","q3",4,"Engagement"
275,"Bot2","q4",2,"Engagement"
275,"Bot2","q5",3,"Engagement"
275,"Bot2","q6",3,"Engagement"
276,"Bot2","q1",5,"Engagement"
276,"Bot2","q2",5,"Engagement"
276,"Bot2","q3",5,"Engagement"
276,"Bot2","q4",3,"Engagement"
276,"Bot2","q5",4,"Engagement"
276,"Bot2","q6",3,"Engagement"
277,"Bot2","q7",2,"Emotional"
277,"Bot2","q8",2,"Emotional"
277,"Bot2","q9",2,"Emotional"
277,"Bot2","q10",2,"Emotional"
277,"Bot2","q11",2,"Emotional"
277,"Bot2","q12",2,"Emotional"
280,"Bot1","q7",5,"Emotional"
280,"Bot1","q8",5,"Emotional"
280,"Bot1","q9",5,"Emotional"
280,"Bot1","q10",4,"Emotional"
280,"Bot1","q11",5,"Emotional"
280,"Bot1","q12",5,"Emotional"
281,"Bot3","q1",3,"Engagement"
281,"Bot3","q2",4,"Engagement"
281,"Bot3","q3",4,"Engagement"
281,"Bot3","q4",4,"Engagement"
281,"Bot3","q5",3,"Engagement"
281,"Bot3","q6",3,"Engagement"
283,"Bot1","q1",5,"Engagement"
283,"Bot1","q2",4,"Engagement"
283,"Bot1","q3",5,"Engagement"
283,"Bot1","q4",3,"Engagement"
283,"Bot1","q5",3,"Engagement"
283,"Bot1","q6",2,"Engagement"
284,"Bot1","q7",4,"Emotional"
284,"Bot1","q8",5,"Emotional"
284,"Bot1","q9",4,"Emotional"
284,"Bot1","q10",4,"Emotional"
284,"Bot1","q11",4,"Emotional"
284,"Bot1","q12",3,"Emotional"
286,"Bot2","q7",3,"Emotional"
286,"Bot2","q8",3,"Emotional"
286,"Bot2","q9",4,"Emotional"
286,"Bot2","q10",3,"Emotional"
286,"Bot2","q11",4,"Emotional"
286,"Bot2","q12",4,"Emotional"
289,"Bot3","q7",3,"Emotional"
289,"Bot3","q8",2,"Emotional"
289,"Bot3","q9",3,"Emotional"
289,"Bot3","q10",3,"Emotional"
289,"Bot3","q11",3,"Emotional"
289,"Bot3","q12",4,"Emotional"
291,"Bot2","q1",3,"Engagement"
291,"Bot2","q2",3,"Engagement"
291,"Bot2","q3",3,"Engagement"
291,"Bot2","q4",3,"Engagement"
291,"Bot2","q5",3,"Engagement"
291,"Bot2","q6",3,"Engagement"
292,"Bot2","q7",3,"Emotional"
292,"Bot2","q8",3,"Emotional"
292,"Bot2","q9",3,"Emotional"
292,"Bot2","q10",3,"Emotional"
292,"Bot2","q11",3,"Emotional"
292,"Bot2","q12",3,"Emotional"
293,"Bot2","q1",5,"Engagement"
293,"Bot2","q2",4,"Engagement"
293,"Bot2","q3",4,"Engagement"
293,"Bot2","q4",4,"Engagement"
293,"Bot2","q5",5,"Engagement"
293,"Bot2","q6",4,"Engagement"
294,"Bot3","q1",1,"Engagement"
294,"Bot3","q2",5,"Engagement"
294,"Bot3","q3",5,"Engagement"
294,"Bot3","q4",3,"Engagement"
294,"Bot3","q5",5,"Engagement"
294,"Bot3","q6",3,"Engagement"
295,"Bot3","q1",5,"Engagement"
295,"Bot3","q2",4,"Engagement"
295,"Bot3","q3",5,"Engagement"
295,"Bot3","q4",3,"Engagement"
295,"Bot3","q5",5,"Engagement"
295,"Bot3","q6",2,"Engagement"
296,"Bot2","q7",5,"Emotional"
296,"Bot2","q8",4,"Emotional"
296,"Bot2","q9",5,"Emotional"
296,"Bot2","q10",3,"Emotional"
296,"Bot2","q11",4,"Emotional"
296,"Bot2","q12",3,"Emotional"
300,"Bot3","q1",4,"Engagement"
300,"Bot3","q2",4,"Engagement"
300,"Bot3","q3",4,"Engagement"
300,"Bot3","q4",4,"Engagement"
300,"Bot3","q5",2,"Engagement"
300,"Bot3","q6",2,"Engagement"
301,"Bot3","q7",2,"Emotional"
301,"Bot3","q8",2,"Emotional"
301,"Bot3","q9",2,"Emotional"
301,"Bot3","q10",2,"Emotional"
301,"Bot3","q11",2,"Emotional"
301,"Bot3","q12",2,"Emotional"
302,"Bot3","q7",1,"Emotional"
302,"Bot3","q8",5,"Emotional"
302,"Bot3","q9",5,"Emotional"
302,"Bot3","q10",5,"Emotional"
302,"Bot3","q11",5,"Emotional"
302,"Bot3","q12",5,"Emotional"
303,"Bot3","q7",5,"Emotional"
303,"Bot3","q8",5,"Emotional"
303,"Bot3","q9",5,"Emotional"
303,"Bot3","q10",3,"Emotional"
303,"Bot3","q11",4,"Emotional"
303,"Bot3","q12",5,"Emotional"
305,"Bot3","q1",2,"Engagement"
305,"Bot3","q2",3,"Engagement"
305,"Bot3","q3",2,"Engagement"
305,"Bot3","q4",1,"Engagement"
305,"Bot3","q5",2,"Engagement"
305,"Bot3","q6",1,"Engagement"
308,"Bot3","q7",1,"Emotional"
308,"Bot3","q8",1,"Emotional"
308,"Bot3","q9",1,"Emotional"
308,"Bot3","q10",3,"Emotional"
308,"Bot3","q11",1,"Emotional"
308,"Bot3","q12",3,"Emotional"
309,"Bot2","q1",4,"Engagement"
309,"Bot2","q2",5,"Engagement"
309,"Bot2","q3",4,"Engagement"
309,"Bot2","q4",4,"Engagement"
309,"Bot2","q5",5,"Engagement"
309,"Bot2","q6",5,"Engagement"
310,"Bot2","q7",4,"Emotional"
310,"Bot2","q8",3,"Emotional"
310,"Bot2","q9",4,"Emotional"
310,"Bot2","q10",3,"Emotional"
310,"Bot2","q11",2,"Emotional"
310,"Bot2","q12",3,"Emotional"
312,"Bot3","q1",3,"Engagement"
312,"Bot3","q2",3,"Engagement"
312,"Bot3","q3",4,"Engagement"
312,"Bot3","q4",2,"Engagement"
312,"Bot3","q5",2,"Engagement"
312,"Bot3","q6",1,"Engagement"
313,"Bot3","q7",2,"Emotional"
313,"Bot3","q8",2,"Emotional"
313,"Bot3","q9",3,"Emotional"
313,"Bot3","q10",3,"Emotional"
313,"Bot3","q11",3,"Emotional"
313,"Bot3","q12",2,"Emotional"
315,"Bot3","q1",5,"Engagement"
315,"Bot3","q2",5,"Engagement"
315,"Bot3","q3",5,"Engagement"
315,"Bot3","q4",5,"Engagement"
315,"Bot3","q5",5,"Engagement"
315,"Bot3","q6",5,"Engagement"
316,"Bot3","q1",3,"Engagement"
316,"Bot3","q2",2,"Engagement"
316,"Bot3","q3",3,"Engagement"
316,"Bot3","q4",1,"Engagement"
316,"Bot3","q5",3,"Engagement"
316,"Bot3","q6",4,"Engagement"
317,"Bot3","q7",5,"Emotional"
317,"Bot3","q8",5,"Emotional"
317,"Bot3","q9",5,"Emotional"
317,"Bot3","q10",5,"Emotional"
317,"Bot3","q11",5,"Emotional"
317,"Bot3","q12",5,"Emotional"
320,"Bot3","q7",4,"Emotional"
320,"Bot3","q8",3,"Emotional"
320,"Bot3","q9",3,"Emotional"
320,"Bot3","q10",2,"Emotional"
320,"Bot3","q11",1,"Emotional"
320,"Bot3","q12",2,"Emotional"
322,"Bot3","q1",3,"Engagement"
322,"Bot3","q2",3,"Engagement"
322,"Bot3","q3",3,"Engagement"
322,"Bot3","q4",2,"Engagement"
322,"Bot3","q5",2,"Engagement"
322,"Bot3","q6",5,"Engagement"
323,"Bot3","q7",3,"Emotional"
323,"Bot3","q8",2,"Emotional"
323,"Bot3","q9",4,"Emotional"
323,"Bot3","q10",3,"Emotional"
323,"Bot3","q11",2,"Emotional"
323,"Bot3","q12",3,"Emotional"
325,"Bot1","q1",5,"Engagement"
325,"Bot1","q2",5,"Engagement"
325,"Bot1","q3",5,"Engagement"
325,"Bot1","q4",5,"Engagement"
325,"Bot1","q5",5,"Engagement"
325,"Bot1","q6",1,"Engagement"
326,"Bot1","q7",5,"Emotional"
326,"Bot1","q8",5,"Emotional"
326,"Bot1","q9",5,"Emotional"
326,"Bot1","q10",3,"Emotional"
326,"Bot1","q11",5,"Emotional"
326,"Bot1","q12",3,"Emotional"
328,"Bot2","q1",3,"Engagement"
328,"Bot2","q2",3,"Engagement"
328,"Bot2","q3",2,"Engagement"
328,"Bot2","q4",3,"Engagement"
328,"Bot2","q5",3,"Engagement"
328,"Bot2","q6",1,"Engagement"
329,"Bot2","q7",3,"Emotional"
329,"Bot2","q8",2,"Emotional"
329,"Bot2","q9",3,"Emotional"
329,"Bot2","q10",2,"Emotional"
329,"Bot2","q11",3,"Emotional"
329,"Bot2","q12",3,"Emotional"
331,"Bot3","q1",4,"Engagement"
331,"Bot3","q2",3,"Engagement"
331,"Bot3","q3",4,"Engagement"
331,"Bot3","q4",3,"Engagement"
331,"Bot3","q5",4,"Engagement"
331,"Bot3","q6",3,"Engagement"
332,"Bot3","q7",3,"Emotional"
332,"Bot3","q8",2,"Emotional"
332,"Bot3","q9",3,"Emotional"
332,"Bot3","q10",3,"Emotional"
332,"Bot3","q11",3,"Emotional"
332,"Bot3","q12",4,"Emotional"
334,"Bot1","q1",5,"Engagement"
334,"Bot1","q2",5,"Engagement"
334,"Bot1","q3",5,"Engagement"
334,"Bot1","q4",4,"Engagement"
334,"Bot1","q5",5,"Engagement"
334,"Bot1","q6",5,"Engagement"
335,"Bot1","q7",5,"Emotional"
335,"Bot1","q8",4,"Emotional"
335,"Bot1","q9",5,"Emotional"
335,"Bot1","q10",3,"Emotional"
335,"Bot1","q11",4,"Emotional"
335,"Bot1","q12",5,"Emotional"
337,"Bot1","q1",4,"Engagement"
337,"Bot1","q2",4,"Engagement"
337,"Bot1","q3",5,"Engagement"
337,"Bot1","q4",3,"Engagement"
337,"Bot1","q5",3,"Engagement"
337,"Bot1","q6",3,"Engagement"
338,"Bot1","q7",3,"Emotional"
338,"Bot1","q8",2,"Emotional"
338,"Bot1","q9",3,"Emotional"
338,"Bot1","q10",2,"Emotional"
338,"Bot1","q11",4,"Emotional"
338,"Bot1","q12",4,"Emotional"
339,"Bot2","q1",2,"Engagement"
339,"Bot2","q2",4,"Engagement"
339,"Bot2","q3",4,"Engagement"
339,"Bot2","q4",3,"Engagement"
339,"Bot2","q5",4,"Engagement"
339,"Bot2","q6",3,"Engagement"
340,"Bot2","q7",4,"Emotional"
340,"Bot2","q8",3,"Emotional"
340,"Bot2","q9",4,"Emotional"
340,"Bot2","q10",3,"Emotional"
340,"Bot2","q11",3,"Emotional"
340,"Bot2","q12",3,"Emotional"
343,"Bot2","q1",4,"Engagement"
343,"Bot2","q2",4,"Engagement"
343,"Bot2","q3",3,"Engagement"
343,"Bot2","q4",2,"Engagement"
343,"Bot2","q5",3,"Engagement"
343,"Bot2","q6",3,"Engagement"
344,"Bot2","q7",2,"Emotional"
344,"Bot2","q8",2,"Emotional"
344,"Bot2","q9",2,"Emotional"
344,"Bot2","q10",2,"Emotional"
344,"Bot2","q11",2,"Emotional"
344,"Bot2","q12",3,"Emotional"
346,"Bot3","q1",5,"Engagement"
346,"Bot3","q2",5,"Engagement"
346,"Bot3","q3",5,"Engagement"
346,"Bot3","q4",4,"Engagement"
346,"Bot3","q5",5,"Engagement"
346,"Bot3","q6",3,"Engagement"
347,"Bot3","q7",5,"Emotional"
347,"Bot3","q8",4,"Emotional"
347,"Bot3","q9",5,"Emotional"
347,"Bot3","q10",3,"Emotional"
347,"Bot3","q11",5,"Emotional"
347,"Bot3","q12",4,"Emotional"
349,"Bot1","q1",5,"Engagement"
349,"Bot1","q2",5,"Engagement"
349,"Bot1","q3",5,"Engagement"
349,"Bot1","q4",4,"Engagement"
349,"Bot1","q5",5,"Engagement"
349,"Bot1","q6",4,"Engagement"
350,"Bot1","q7",5,"Emotional"
350,"Bot1","q8",5,"Emotional"
350,"Bot1","q9",5,"Emotional"
350,"Bot1","q10",4,"Emotional"
350,"Bot1","q11",5,"Emotional"
350,"Bot1","q12",4,"Emotional"
352,"Bot1","q1",5,"Engagement"
352,"Bot1","q2",4,"Engagement"
352,"Bot1","q3",4,"Engagement"
352,"Bot1","q4",5,"Engagement"
352,"Bot1","q5",5,"Engagement"
352,"Bot1","q6",3,"Engagement"
353,"Bot1","q7",3,"Emotional"
353,"Bot1","q8",3,"Emotional"
353,"Bot1","q9",3,"Emotional"
353,"Bot1","q10",4,"Emotional"
353,"Bot1","q11",4,"Emotional"
353,"Bot1","q12",4,"Emotional"
355,"Bot3","q1",4,"Engagement"
355,"Bot3","q2",4,"Engagement"
355,"Bot3","q3",4,"Engagement"
355,"Bot3","q4",3,"Engagement"
355,"Bot3","q5",3,"Engagement"
355,"Bot3","q6",1,"Engagement"
356,"Bot3","q7",3,"Emotional"
356,"Bot3","q8",2,"Emotional"
356,"Bot3","q9",3,"Emotional"
356,"Bot3","q10",2,"Emotional"
356,"Bot3","q11",3,"Emotional"
356,"Bot3","q12",3,"Emotional"
358,"Bot2","q1",4,"Engagement"
358,"Bot2","q2",4,"Engagement"
358,"Bot2","q3",4,"Engagement"
358,"Bot2","q4",4,"Engagement"
358,"Bot2","q5",5,"Engagement"
358,"Bot2","q6",3,"Engagement"
359,"Bot2","q7",5,"Emotional"
359,"Bot2","q8",4,"Emotional"
359,"Bot2","q9",5,"Emotional"
359,"Bot2","q10",4,"Emotional"
359,"Bot2","q11",4,"Emotional"
359,"Bot2","q12",4,"Emotional"
360,"Bot2","q1",4,"Engagement"
360,"Bot2","q2",4,"Engagement"
360,"Bot2","q3",4,"Engagement"
360,"Bot2","q4",4,"Engagement"
360,"Bot2","q5",4,"Engagement"
360,"Bot2","q6",4,"Engagement"
362,"Bot2","q7",5,"Emotional"
362,"Bot2","q8",5,"Emotional"
362,"Bot2","q9",5,"Emotional"
362,"Bot2","q10",5,"Emotional"
362,"Bot2","q11",5,"Emotional"
362,"Bot2","q12",5,"Emotional"
364,"Bot3","q1",5,"Engagement"
364,"Bot3","q2",5,"Engagement"
364,"Bot3","q3",5,"Engagement"
364,"Bot3","q4",5,"Engagement"
364,"Bot3","q5",5,"Engagement"
364,"Bot3","q6",5,"Engagement"
365,"Bot3","q7",4,"Emotional"
365,"Bot3","q8",5,"Emotional"
365,"Bot3","q9",5,"Emotional"
365,"Bot3","q10",5,"Emotional"
365,"Bot3","q11",5,"Emotional"
365,"Bot3","q12",5,"Emotional"
367,"Bot3","q1",5,"Engagement"
367,"Bot3","q2",5,"Engagement"
367,"Bot3","q3",5,"Engagement"
367,"Bot3","q4",5,"Engagement"
367,"Bot3","q5",5,"Engagement"
367,"Bot3","q6",4,"Engagement"
368,"Bot3","q7",5,"Emotional"
368,"Bot3","q8",5,"Emotional"
368,"Bot3","q9",5,"Emotional"
368,"Bot3","q10",4,"Emotional"
368,"Bot3","q11",5,"Emotional"
368,"Bot3","q12",5,"Emotional"
370,"Bot1","q1",5,"Engagement"
370,"Bot1","q2",5,"Engagement"
370,"Bot1","q3",5,"Engagement"
370,"Bot1","q4",5,"Engagement"
370,"Bot1","q5",5,"Engagement"
370,"Bot1","q6",5,"Engagement"
371,"Bot1","q1",5,"Engagement"
371,"Bot1","q2",5,"Engagement"
371,"Bot1","q3",5,"Engagement"
371,"Bot1","q4",5,"Engagement"
371,"Bot1","q5",5,"Engagement"
371,"Bot1","q6",4,"Engagement"
372,"Bot1","q7",3,"Emotional"
372,"Bot1","q8",3,"Emotional"
372,"Bot1","q9",4,"Emotional"
372,"Bot1","q10",3,"Emotional"
372,"Bot1","q11",4,"Emotional"
372,"Bot1","q12",4,"Emotional"
373,"Bot1","q7",5,"Emotional"
373,"Bot1","q8",5,"Emotional"
373,"Bot1","q9",5,"Emotional"
373,"Bot1","q10",5,"Emotional"
373,"Bot1","q11",5,"Emotional"
373,"Bot1","q12",5,"Emotional"
376,"Bot1","q1",4,"Engagement"
376,"Bot1","q2",5,"Engagement"
376,"Bot1","q3",5,"Engagement"
376,"Bot1","q4",4,"Engagement"
376,"Bot1","q5",4,"Engagement"
376,"Bot1","q6",4,"Engagement"
377,"Bot1","q1",1,"Engagement"
377,"Bot1","q2",5,"Engagement"
377,"Bot1","q3",5,"Engagement"
377,"Bot1","q4",4,"Engagement"
377,"Bot1","q5",5,"Engagement"
377,"Bot1","q6",4,"Engagement"
378,"Bot1","q7",4,"Emotional"
378,"Bot1","q8",4,"Emotional"
378,"Bot1","q9",4,"Emotional"
378,"Bot1","q10",3,"Emotional"
378,"Bot1","q11",4,"Emotional"
378,"Bot1","q12",3,"Emotional"
379,"Bot2","q1",5,"Engagement"
379,"Bot2","q2",4,"Engagement"
379,"Bot2","q3",4,"Engagement"
379,"Bot2","q4",4,"Engagement"
379,"Bot2","q5",5,"Engagement"
379,"Bot2","q6",4,"Engagement"
380,"Bot1","q7",4,"Emotional"
380,"Bot1","q8",4,"Emotional"
380,"Bot1","q9",5,"Emotional"
380,"Bot1","q10",4,"Emotional"
380,"Bot1","q11",4,"Emotional"
380,"Bot1","q12",4,"Emotional"
381,"Bot2","q7",4,"Emotional"
381,"Bot2","q8",3,"Emotional"
381,"Bot2","q9",3,"Emotional"
381,"Bot2","q10",3,"Emotional"
381,"Bot2","q11",3,"Emotional"
381,"Bot2","q12",3,"Emotional"
384,"Bot1","q1",4,"Engagement"
384,"Bot1","q2",4,"Engagement"
384,"Bot1","q3",4,"Engagement"
384,"Bot1","q4",5,"Engagement"
384,"Bot1","q5",4,"Engagement"
384,"Bot1","q6",4,"Engagement"
385,"Bot2","q1",5,"Engagement"
385,"Bot2","q2",5,"Engagement"
385,"Bot2","q3",5,"Engagement"
385,"Bot2","q4",4,"Engagement"
385,"Bot2","q5",5,"Engagement"
385,"Bot2","q6",5,"Engagement"
387,"Bot1","q7",4,"Emotional"
387,"Bot1","q8",4,"Emotional"
387,"Bot1","q9",4,"Emotional"
387,"Bot1","q10",3,"Emotional"
387,"Bot1","q11",4,"Emotional"
387,"Bot1","q12",4,"Emotional"
388,"Bot2","q7",5,"Emotional"
388,"Bot2","q8",5,"Emotional"
388,"Bot2","q9",5,"Emotional"
388,"Bot2","q10",5,"Emotional"
388,"Bot2","q11",5,"Emotional"
388,"Bot2","q12",5,"Emotional"
391,"Bot2","q1",3,"Engagement"
391,"Bot2","q2",4,"Engagement"
391,"Bot2","q3",3,"Engagement"
391,"Bot2","q4",3,"Engagement"
391,"Bot2","q5",4,"Engagement"
391,"Bot2","q6",3,"Engagement"
392,"Bot3","q1",5,"Engagement"
392,"Bot3","q2",5,"Engagement"
392,"Bot3","q3",5,"Engagement"
392,"Bot3","q4",4,"Engagement"
392,"Bot3","q5",5,"Engagement"
392,"Bot3","q6",4,"Engagement"
393,"Bot2","q7",4,"Emotional"
393,"Bot2","q8",3,"Emotional"
393,"Bot2","q9",4,"Emotional"
393,"Bot2","q10",3,"Emotional"
393,"Bot2","q11",3,"Emotional"
393,"Bot2","q12",3,"Emotional"
394,"Bot2","q1",3,"Engagement"
394,"Bot2","q2",3,"Engagement"
394,"Bot2","q3",3,"Engagement"
394,"Bot2","q4",3,"Engagement"
394,"Bot2","q5",3,"Engagement"
394,"Bot2","q6",3,"Engagement"
395,"Bot2","q7",2,"Emotional"
395,"Bot2","q8",2,"Emotional"
395,"Bot2","q9",3,"Emotional"
395,"Bot2","q10",2,"Emotional"
395,"Bot2","q11",3,"Emotional"
395,"Bot2","q12",2,"Emotional"
396,"Bot3","q1",4,"Engagement"
396,"Bot3","q2",4,"Engagement"
396,"Bot3","q3",5,"Engagement"
396,"Bot3","q4",4,"Engagement"
396,"Bot3","q5",5,"Engagement"
396,"Bot3","q6",5,"Engagement"
397,"Bot2","q1",3,"Engagement"
397,"Bot2","q2",3,"Engagement"
397,"Bot2","q3",3,"Engagement"
397,"Bot2","q4",4,"Engagement"
397,"Bot2","q5",3,"Engagement"
397,"Bot2","q6",4,"Engagement"
400,"Bot2","q7",3,"Emotional"
400,"Bot2","q8",3,"Emotional"
400,"Bot2","q9",3,"Emotional"
400,"Bot2","q10",3,"Emotional"
400,"Bot2","q11",3,"Emotional"
400,"Bot2","q12",3,"Emotional"
401,"Bot3","q7",5,"Emotional"
401,"Bot3","q8",4,"Emotional"
401,"Bot3","q9",4,"Emotional"
401,"Bot3","q10",4,"Emotional"
401,"Bot3","q11",5,"Emotional"
401,"Bot3","q12",4,"Emotional"
404,"Bot3","q7",4,"Emotional"
404,"Bot3","q8",3,"Emotional"
404,"Bot3","q9",3,"Emotional"
404,"Bot3","q10",3,"Emotional"
404,"Bot3","q11",3,"Emotional"
404,"Bot3","q12",3,"Emotional"
406,"Bot3","q1",5,"Engagement"
406,"Bot3","q2",4,"Engagement"
406,"Bot3","q3",5,"Engagement"
406,"Bot3","q4",4,"Engagement"
406,"Bot3","q5",4,"Engagement"
406,"Bot3","q6",4,"Engagement"
407,"Bot3","q7",5,"Emotional"
407,"Bot3","q8",5,"Emotional"
407,"Bot3","q9",5,"Emotional"
407,"Bot3","q10",4,"Emotional"
407,"Bot3","q11",5,"Emotional"
407,"Bot3","q12",4,"Emotional"
408,"Bot3","q1",5,"Engagement"
408,"Bot3","q2",5,"Engagement"
408,"Bot3","q3",5,"Engagement"
408,"Bot3","q4",5,"Engagement"
408,"Bot3","q5",5,"Engagement"
408,"Bot3","q6",5,"Engagement"
410,"Bot3","q7",5,"Emotional"
410,"Bot3","q8",5,"Emotional"
410,"Bot3","q9",5,"Emotional"
410,"Bot3","q10",3,"Emotional"
410,"Bot3","q11",5,"Emotional"
410,"Bot3","q12",5,"Emotional"
412,"Bot3","q1",4,"Engagement"
412,"Bot3","q2",2,"Engagement"
412,"Bot3","q3",2,"Engagement"
412,"Bot3","q4",2,"Engagement"
412,"Bot3","q5",2,"Engagement"
412,"Bot3","q6",2,"Engagement"
413,"Bot3","q7",2,"Emotional"
413,"Bot3","q8",2,"Emotional"
413,"Bot3","q9",2,"Emotional"
413,"Bot3","q10",1,"Emotional"
413,"Bot3","q11",2,"Emotional"
413,"Bot3","q12",2,"Emotional"
